73.7959878962757,55.7213792811767,1.15280759334564,211768,0.864932974172329,211979,85.3198919452603,0.65308778540093,0.193297758698463,2.38248133659363
49.7719104548179,37.1559546886384,1.09329152107239,66779,0.789026808075602,67008,63.0801259797613,0.589027908735622,0.272363066673279,2.28495359420776
40.2693861801376,28.6507094706709,0.798992216587067,29657.75,0.655372734651948,29806.5,61.4450129387238,0.46628209683006,0.402609944343567,2.57699203491211
53.8329036904447,45.5762176733879,1.21654641628265,103392.5,0.813714670315213,103492.5,66.1569791367281,0.688910208784281,0.194108530879021,1.88389551639557
32.9079763821155,28.4755393885504,0.614386379718781,21863,0.453737602275419,21963,72.5264474821735,0.392622834525977,0.344848185777664,1.99394762516022
59.4610687927157,46.0033617246275,1.11973059177399,138936,0.686360608351089,139230,86.6324029515109,0.531017958146401,0.219959527254105,2.35575556755066
42.1783324025973,27.6626266785089,1.13302052021027,39588,0.73747118915647,39772,57.1931934735532,0.483669908925446,0.311399936676025,2.19460105895996
39.2886514551906,29.6425724331688,0.951499879360199,33344,0.683659391265954,33446,57.4681661030628,0.515808567477309,0.468675762414932,3.11932730674744
66.2231749959883,46.9776635611757,1.10722827911377,182749.75,0.653567430936852,183093.5,101.325696265425,0.463630305964231,0.244183793663979,2.86539816856384
46.1175305213341,34.2312889267443,0.773081839084625,44188,0.666922079042391,44582,69.1498032087235,0.495030894352941,0.457540839910507,3.34487986564636
46.0909820695473,35.1005392970056,0.932162821292877,54950,0.662320852366551,55130,69.5901116579053,0.504389753957497,0.250081688165665,1.96601569652557
37.6501968062604,32.8795822842172,0.864927232265472,31770,0.664388008905064,32051,56.6689890570261,0.580204143947768,0.40034943819046,2.6219687461853
43.1660287325505,41.9111657373079,0.921860039234161,46092,0.817809201334242,46339,52.782517807486,0.794034985033696,0.342120230197906,2.53650951385498
50.3524663056463,37.8055901875275,1.0854218006134,80337,0.678077070702759,80396,74.2577333480116,0.509113172231506,0.274650782346725,2.45057845115662
62.5064799633621,42.0364288172338,1.17684078216553,125138,0.808728986342694,125287,77.2897732354499,0.54388086621987,0.206136018037796,2.13206028938293
64.404516448447,47.8409808739861,1.08499181270599,126976,0.887842956429278,127189,72.5404374524394,0.659507752560118,0.262449085712433,2.7277307510376
53.0898887794172,45.7901945163406,1.04588556289673,100570,0.702765507361754,100758,75.5442437388846,0.606137440128628,0.253709226846695,2.4397292137146
52.7323859756201,38.6361641384211,0.481885582208633,44851,0.604392778699861,45118,87.2485374313296,0.44282878860669,0.454600244760513,3.33992147445679
39.6817327484058,33.6029604335074,1.24051105976105,43522,0.789676490480542,43797,50.2506193697855,0.668707388186186,0.30535352230072,2.22103333473206
65.061823644726,46.6286482907386,1.08022558689117,175445.5,0.636320816326222,175674.5,102.246888639874,0.456039776999992,0.194877326488495,2.25592470169067
45.9535636803221,34.4205091423001,0.574730932712555,36546,0.598520514686998,36858,76.7785941378365,0.448308666351806,0.512492597103119,3.51681971549988
44.9009241441208,42.4913623815118,1.20654022693634,67995,0.79592964184293,68118,56.4131825021057,0.753216898903474,0.20046803355217,1.69194662570953
43.8454883922894,34.5258994163121,0.904682993888855,40982,0.767179028461683,41124,57.1515731865177,0.604111094258678,0.317247569561005,2.26175332069397
50.8252558294302,43.559812777731,0.805363774299622,95312,0.497838275911708,95627,102.091900700789,0.426672561473765,0.291315466165543,2.75166320800781
51.9503700568811,43.5631166057618,1.04057669639587,73302,0.873882643930704,73437,59.4477650033299,0.73279654169205,0.225185737013817,1.94877648353577
64.3323116257506,51.3430380987065,1.10761594772339,180475,0.682826919382934,180618,94.214668167868,0.544958010224326,0.223453730344772,2.61121416091919
49.1414451848136,32.0765456882125,0.999268114566803,66320.75,0.611103328027231,66647.75,80.4142980916916,0.398891073470402,0.32721346616745,2.73882007598877
31.2537619475852,24.2953673736099,1.20393705368042,20760,0.720614721092641,20935,43.3709734658159,0.560175745023547,0.343409568071365,1.95165944099426
42.4540022551795,40.3265186277789,0.93695056438446,62205,0.573215601017364,62354,74.06288694835,0.544490233764473,0.281248420476913,2.30434632301331
61.5533707422274,50.1663496767143,0.815518021583557,99266,0.817613082084059,99909,75.2842292901315,0.666359344443608,0.423813045024872,4.0577974319458
60.7993566346791,39.8669349515506,0.916168630123138,87310,0.80969390139717,87609,75.0893103304428,0.530926902592521,0.303979873657227,2.78857326507568
37.3382770207041,24.7247664335602,1.11472606658936,26397,0.762171892961816,26500,48.9893124707167,0.504697151002871,0.322320222854614,1.98451769351959
58.9220964064786,45.8481011239558,1.20701098442078,122456,0.821499903542491,122656,71.7250192634149,0.639220478360217,0.220369040966034,2.2628710269928
52.2898796033009,36.0630080933037,1.25361943244934,91456,0.707700250838719,91573,73.887044043478,0.488082972599132,0.200201094150543,1.86517560482025
58.9537515781056,33.7130894193975,0.904857754707336,78399,0.708092264304141,78815,83.2571608956085,0.404927204540021,0.309260368347168,2.73701357841492
27.1519066120171,22.8646079663823,1.07692742347717,14762,0.6438790608328,14830,42.1692647946938,0.542210258530745,0.363241493701935,1.84258019924164
62.0953915861737,49.4517170048779,1.23721587657928,188862,0.654032994798932,189011,94.942292024982,0.520860787644201,0.185893088579178,2.20543360710144
51.3351340756133,38.4361674822363,1.01045274734497,100729,0.532021995172538,100879,96.4906235859009,0.398340958466483,0.266757607460022,2.56655669212341
41.9877043537767,37.2925869890733,1.22129595279694,51736,0.812631116674297,51853,51.6688365633991,0.721761693691598,0.219293668866158,1.68968689441681
68.2870772355513,51.3314196838538,1.14875543117523,171170,0.841121788950306,171454,81.185719039298,0.632271540996105,0.217569127678871,2.49798035621643
67.6959519422533,35.8104878183041,1.03068780899048,101248,0.874731876240522,101416,77.3905167754961,0.462724495330449,0.243867322802544,2.35034513473511
52.8200934754898,38.9962723257848,1.15774416923523,75823,0.869824585587765,75949,60.7249948445614,0.642178273141135,0.232777327299118,2.03730893135071
45.9323924466199,34.5713347461695,0.810685753822327,37089,0.834757491803403,37429,55.0248340357963,0.628286033969302,0.482937783002853,3.33034157752991
34.9494693712049,34.5135601634493,0.435127913951874,18808,0.510674159882649,19150,68.4379044736397,0.504304747915578,0.636861205101013,3.50220489501953
48.2651530309339,42.2295194167658,1.19201636314392,96963,0.633225365862188,97205,76.2211301583235,0.554039533775585,0.227510064840317,2.16131734848022
45.4725332752641,31.7995967619116,0.756470084190369,36008,0.723288036783914,36342,62.8691903677224,0.505805730532165,0.537782490253448,3.67216539382935
58.0925068049262,54.2516162168569,1.00967156887054,132358,0.73127623792633,132682,79.4398939717477,0.682926593987539,0.240535363554955,2.53480672836304
38.8052964386502,34.0804888670255,0.829804241657257,28819,0.773718892837203,29239,50.1542573121775,0.679513379191256,0.579590559005737,3.67448782920837
56.0049065699136,37.0264556705732,1.1519763469696,83256,0.841377650685199,83413.75,66.5633402850437,0.556258980619037,0.260234177112579,2.34973406791687
56.144788015718,41.084457912998,1.09862053394318,82621,0.901679780125458,82780,62.2668814952311,0.659812358133667,0.210703730583191,1.89765918254852
58.324885768872,46.6653985806416,1.03584718704224,121361,0.709443737600796,121570,82.2121370274063,0.567621768122695,0.263462841510773,2.69729423522949
48.007433750526,29.3984133999926,1.20958924293518,45869.5,0.935520713416592,45950.25,51.3162702448965,0.572886791355464,0.259274303913116,1.91918444633484
60.6978529166728,50.8850439580881,1.16502118110657,149728,0.763776411209279,149897,79.4707090005182,0.64029935806608,0.210143521428108,2.30745315551758
52.6526996644185,35.5662178985857,1.0462886095047,80279,0.672863773131608,80574,78.2516487986342,0.454510779576142,0.266166210174561,2.37430286407471
55.6743803905923,48.1966906306473,1.23480463027954,118253,0.816794311864528,118394,68.1620569363445,0.707089732864979,0.197356715798378,2.00311183929443
49.9223518843449,33.1187391792447,0.694440424442291,55125,0.544438559233095,55364,91.6951068907874,0.361183276864386,0.325145691633224,2.55884170532227
50.5706007339592,39.5505800223588,1.28202855587006,90976,0.746308799774588,91132,67.7609600064121,0.583677976501753,0.185716092586517,1.72719359397888
54.1376317397964,40.8363722517698,0.88196462392807,91157,0.606324947529862,91646,89.2881481462217,0.457354902073841,0.401330262422562,3.73491835594177
41.245852277503,27.9695880189808,0.966391324996948,25721,0.936074537613687,25918,44.0625726052223,0.634769745960448,0.482293426990509,2.94390082359314
50.4009961008499,37.0612817831864,1.26485359668732,87198,0.715041165657218,87324,70.4868454035435,0.525790047362842,0.216585785150528,1.98600959777832
29.6139712519931,24.0406380040101,1.3102490901947,20780,0.696059303101112,20876,42.545184181945,0.565061321657466,0.268750458955765,1.52784836292267
65.3491958952265,47.9240110225793,1.12138390541077,141849,0.847149980532267,142126.75,77.1400548683527,0.621259748838265,0.225510641932487,2.43197083473206
31.4751966599284,19.7677293085158,1.11666035652161,13332,0.858851592592276,13459,36.6480040689297,0.53939443117654,0.428704679012299,2.10203146934509
55.0219963665151,44.0205124226327,1.02922379970551,95515,0.751907861069238,95815,73.1765143248696,0.60156612854231,0.238224253058434,2.25177884101868
34.6359873178649,26.8767840477262,0.802031993865967,24824.25,0.545439525869861,24954,63.5010596025262,0.423249394945915,0.328163295984268,1.97954165935516
43.0215930217937,39.3994884349888,0.813405215740204,59063,0.525840020449151,59246,81.8149843084337,0.481568123101472,0.27671492099762,2.22836828231812
66.203772809788,41.5735000082017,1.12752890586853,130259,0.825848946491817,130505,80.1645059802035,0.51860233528375,0.216073021292686,2.26491713523865
43.5845387926582,40.2332820484575,1.12015044689178,62997,0.711550087154991,63159,61.2529456175367,0.656838322513892,0.245541855692863,2.02029466629028
95.8631627076573,65.5599917692485,0.419803380966187,158988,0.832957047870805,160010,115.087762271418,0.569652154801956,0.421408116817474,4.72070550918579
53.4795478733059,26.96222274943,0.577580690383911,57631,0.404656264145761,57830,132.160434946442,0.20401130459624,0.264494836330414,2.11260581016541
58.9009303231427,54.7536822099077,1.25761747360229,154013.25,0.812169601603676,154274.5,72.5229437410248,0.754984276406152,0.190202310681343,2.10822868347168
61.1763534685381,45.5036123018103,0.857692003250122,88613.75,0.863061593555621,89176,70.8829538888033,0.641954327934533,0.329142093658447,3.03435468673706
38.6234142930475,35.3563278815091,1.14868021011353,44431,0.713970279667423,44519,54.0966695575043,0.653576794481324,0.259800732135773,1.90276408195496
60.2885299125287,35.6827008934356,0.988255500793457,76542,0.87678911895176,76789,68.760581774334,0.51894123017375,0.318656265735626,2.79772448539734
64.0237561883798,53.7887109777883,1.25334286689758,184955,0.782304618514155,185137,81.8399312405713,0.657242866195409,0.159490361809731,1.87905299663544
42.7048676046823,28.6387404081913,1.04106152057648,42101,0.676225113327429,42204,63.1518510079418,0.453490118675854,0.27455672621727,1.975053191185
39.0846366680147,33.7483635197697,1.0494886636734,50054.75,0.565973301451029,50182.5,69.0573858666364,0.488700274772984,0.267276883125305,2.03684997558594
46.0220119529807,27.1470326394424,0.743891000747681,39193.25,0.571413118224476,39410.25,80.5406990943671,0.33705980890751,0.461894780397415,3.24436235427856
23.1827721673182,17.6917368831771,1.19887554645538,7235,0.824964725993124,7285,28.1015314193099,0.629564866739621,0.422596991062164,1.69013655185699
46.8333904026732,27.6799302190664,1.06236624717712,43426,0.777676987391141,43464,60.2221631371457,0.459630288537297,0.323956966400146,2.35461449623108
34.092429939609,30.7088753436379,1.27003800868988,31433,0.755108440406287,31532,45.1490516001457,0.680166565083258,0.257352024316788,1.67946934700012
30.5618555264583,19.1236690601754,0.855039060115814,9929,0.805396449621997,10101,37.946349950763,0.503965969981018,0.567949712276459,2.5242223739624
52.1213337598843,35.1117085101937,1.11340796947479,73534,0.756219319188316,73658,68.9235681201963,0.50942964022063,0.227123036980629,1.96761357784271
43.5438149745337,30.8910801978404,1.20948934555054,56967,0.651123490302949,57075,66.8748948901752,0.461923420568676,0.256805598735809,2.0432813167572
42.2965207754836,24.7039189051239,1.15262818336487,36145,0.737929324625819,36221,57.3178478805282,0.430998717129368,0.297802478075027,2.03607416152954
30.5964575732534,25.591850906127,0.866838097572327,20603,0.527776603534751,20752,57.9723643835962,0.441449148714874,0.520034849643707,2.94798421859741
35.3072787576059,26.6892977036409,1.1526198387146,26737,0.750996101557837,26806,47.013930810514,0.567689134763268,0.325112879276276,2.01026940345764
44.7853417225418,24.9888517442019,0.968492031097412,30488,0.833650112485855,30654,53.7219884598789,0.465151280892447,0.383957833051682,2.48032760620117
81.3003072932761,39.9915235220059,0.473947584629059,130148,0.504015336029107,130343,161.305225221522,0.247924538508193,0.254000157117844,2.66172003746033
35.6455608804924,31.5432517528378,1.11397004127502,31974,0.731126509460385,32059,48.7542995900955,0.646983999730064,0.272497117519379,1.78845000267029
61.7458345151135,52.4270710641808,1.01454949378967,149261.5,0.711369134277509,149591,86.7985852081785,0.6040083602083,0.245273157954216,2.69038939476013
50.2322252558539,33.6709761889161,0.802444994449615,58254,0.612785789824362,58458,81.9735478367597,0.410754164940717,0.284049779176712,2.27694344520569
51.9566601943772,38.6999249061298,1.14585936069489,98589,0.635761279268485,98690,81.7235366302257,0.473546869138022,0.206160798668861,1.9693888425827
33.1820978804623,22.7199070981168,1.1529837846756,21874,0.690411209882161,21929,48.0613544587809,0.472727149577154,0.275070339441299,1.59075164794922
54.4208201521114,46.0019879836244,1.02677989006042,103604,0.706978549268891,103768,76.9766214383586,0.597609860293257,0.199305281043053,1.93565011024475
53.729956043297,35.5156520762449,1.18147051334381,65896,0.962532136159279,65993,55.8214671747914,0.636236449411769,0.217107564210892,1.81333148479462
50.5596824948933,31.5675167315923,1.15247321128845,79424,0.613093625189797,79531,82.466495193522,0.382792025507008,0.208161681890488,1.85026490688324
54.1011398127504,46.8384479228569,1.2817759513855,143922,0.639291430313772,144026,84.6267246006988,0.553471118536829,0.145603537559509,1.5778421163559
31.3235100666149,15.1469997604813,0.628504991531372,7436,0.657711531501788,7513,47.6249975351538,0.318047255525856,0.622273743152618,2.51156139373779
59.2192025837686,45.0005216203264,1.15020668506622,135129.75,0.703341415780616,135251.75,84.1969508054203,0.534467355292363,0.186035349965096,1.97406601905823
42.8940865045871,40.9886666524798,1.1545478105545,71663,0.636171467984982,71751,67.4253541116051,0.607911774325037,0.244060531258583,2.09625959396362
32.7903169302716,25.0344232756284,1.17679607868195,24082,0.688709568083631,24143,47.6112405720053,0.525809094131193,0.304768323898315,1.8199098110199
49.324985807324,33.8641290590297,1.24857199192047,58134,0.926522241254113,58208,53.2366991434109,0.636104972770857,0.214968457818031,1.72200345993042
69.4854321887607,50.7455831132464,1.10037815570831,169614.5,0.832268370066784,169684.5,83.4892141620476,0.607810046146006,0.199933916330338,2.28853011131287
38.0605520974713,30.2239993405397,0.923887193202972,24906,0.850385176185761,24992,44.7568386224517,0.67529343606003,0.319900929927826,1.93181729316711
59.0775237730257,39.6406162093496,0.9129399061203,108130.75,0.611612805956734,108358.75,96.5930131413309,0.410388028060528,0.235750079154968,2.32247352600098
41.7640646902121,32.1747960295708,1.02964913845062,34228,0.883949956336284,34311,47.247091750886,0.680989979218508,0.283331751823425,1.90226769447327
26.5316642229019,23.5133242613571,1.19097650051117,17845,0.578399987563947,17892,45.8707897533774,0.512599072040739,0.311566114425659,1.68359756469727
65.9945458838824,34.3958409953039,0.834136307239532,100437,0.65142427827057,100724,101.308084585192,0.339517237307747,0.274893879890442,2.6422803401947
47.6472968202518,26.8248049387235,0.313072115182877,15624,0.63894562506245,15762,74.5717553283111,0.359718030246493,0.477224916219711,2.4670033454895
49.7575740947296,26.3836694906915,1.04978477954865,43232.25,0.830509544374682,43341.25,59.9121039053596,0.440372942186408,0.259864062070847,1.88595533370972
71.5262033449156,46.0418512424818,1.09164822101593,170241,0.79086122736061,170359,90.4409027404523,0.509082172417196,0.193583950400352,2.21857070922852
58.3136110647823,43.0856943568606,1.27149593830109,125932.5,0.774548760603933,125675.5,75.2872046060265,0.572284422164484,0.195917040109634,2.03064489364624
58.6939958813763,54.5075384650173,0.919726312160492,103161,0.876568013285815,103304,66.9588611400065,0.814045184416229,0.184502527117729,1.78932821750641
56.5878527737616,34.6058400658011,1.1920108795166,90470,0.764486983914864,90607.25,74.020688336636,0.467515783085224,0.19722443819046,1.83081638813019
51.2599830316235,35.7215048306646,1.15323543548584,87436,0.64820589898933,87535,79.0797848516144,0.451714744769381,0.213797003030777,1.96221947669983
58.8431878128402,39.2548942323033,1.04871165752411,78041,0.956352699207231,78134,61.5287517477791,0.637992696377433,0.221438363194466,1.95678460597992
46.815883824692,35.5567162744642,1.08346557617188,52393,0.843817623726052,52485,55.4810453211047,0.640880431662281,0.254846513271332,1.97190356254578
44.0853367902141,23.7379510671961,0.562392473220825,32039,0.424024260175896,32190,103.968902090476,0.228317800706782,0.408484578132629,2.68277668952942
58.1648163496311,47.5689693965348,1.191561460495,123536,0.81276689356849,123632,71.5639586330292,0.664705674548586,0.15166537463665,1.56194877624512
54.4607596142734,51.8045138242975,1.19297957420349,145044,0.661708700850426,145124,82.3032242802318,0.629434803767953,0.174414932727814,1.89495742321014
29.5826449563973,25.0542703612823,1.1474015712738,16534,0.796694669111023,16585,37.1317219800235,0.674740330512041,0.301755338907242,1.5896327495575
59.4740628824115,47.6659317204462,1.13442742824554,137757,0.726984156619985,137737,81.809297136444,0.58264687986437,0.209894746541977,2.24158573150635
68.2122730243445,47.6537289344774,1.24711513519287,175288.5,0.825987897021506,175355.5,82.5826544907002,0.577042833669781,0.142152547836304,1.64508485794067
59.5416928020379,46.044395517038,1.17407286167145,151160.25,0.66385796155403,151281.25,89.6904100937217,0.513370330994175,0.181987643241882,2.00464272499084
39.2449963121276,30.6691412016116,1.13348460197449,37933,0.739038807254077,37998.5,53.1027544762903,0.577543322442833,0.300416588783264,2.08727097511292
44.6199567357175,28.7732515207826,1.21740627288818,43507,0.839309704384825,43568,53.1626841708233,0.54123022510165,0.206449449062347,1.50146770477295
38.9908748023803,31.0722020265185,1.06771349906921,34378,0.768193662063018,34459,50.7565692454018,0.612180895763231,0.292160093784332,1.96440172195435
55.5264665475027,31.3271545624503,0.964017748832703,59261,0.822689040248441,59335,67.4938692883699,0.464148149939426,0.301721423864365,2.43245601654053
51.6107247181311,42.20592488839,1.10973167419434,111576.75,0.585458665862268,111723.75,88.1543441558992,0.478773057567392,0.19790706038475,1.97016096115112
51.5690515781143,34.5069789784312,1.22121858596802,62927,0.932481472391098,63061,55.3030307893189,0.623961806178184,0.21899402141571,1.80119395256042
68.7598241406469,65.0357428928842,1.03723978996277,173612.75,0.961873122467501,173925.75,71.4853368512124,0.909777385969842,0.213708698749542,2.46527433395386
56.7718592055076,45.5171090481254,1.35055887699127,120578.5,0.860365797203295,120669.25,65.985723038723,0.689802383790272,0.129039421677589,1.31824135780334
62.9579783395942,31.9056058435631,1.10906064510345,80291,0.914651367119238,80682,68.8327603312779,0.4635235560801,0.266158163547516,2.37434935569763
64.7973663519749,59.9365877500118,1.22675395011902,217122,0.744490219562907,217371.5,87.0358879976885,0.688642238978681,0.143131613731384,1.77890503406525
43.2827984316447,39.7948955096177,0.746541440486908,60865,0.478787662854335,61085,90.4008223052584,0.440205016888468,0.282869160175323,2.30086255073547
62.8559566682016,49.2513363655219,1.16630172729492,187364,0.634211776230935,187570,99.1087819935306,0.496942202041559,0.168731942772865,1.9965273141861
60.7736937769447,58.579333689997,1.23480796813965,210130,0.665710908698454,210327,91.2914194177239,0.641674037534179,0.150957047939301,1.85580348968506
31.2043743864479,30.5551348925668,1.12417614459991,20385,0.859087564960634,20487,36.3226935869777,0.841213353833464,0.337324619293213,1.90546429157257
56.3504272290344,45.6634339760248,1.23371267318726,137169,0.682841120411912,137301,82.5234824684284,0.553338669311424,0.152835741639137,1.62989437580109
29.6859439605622,26.4499632198249,1.29008948802948,21565,0.730122623237667,21615,40.6588469056367,0.650534022305439,0.237800240516663,1.36870956420898
26.3232223583801,23.5486337903279,1.22246646881104,12928,0.807882236747434,12969,32.5829943536801,0.722727737503603,0.291349798440933,1.41397285461426
60.6396252088773,53.2873076562443,1.32901644706726,147624.25,0.923651336105335,147785,65.6520732945682,0.811662221496008,0.132844269275665,1.45181500911713
64.3921870995082,60.4011668709171,1.15588510036469,198344,0.764197950194341,198691.75,84.261135590942,0.716833050573451,0.174853265285492,2.10860848426819
47.0625183116551,39.2669914353129,1.21921145915985,82627,0.671944828885887,82735,70.039259606606,0.560642583257823,0.190049588680267,1.7116836309433
60.3415699270667,38.4245529366189,1.15434467792511,100747.75,0.83934561989578,100878.5,71.8912073940339,0.534481953459168,0.212265074253082,2.04239416122437
58.2196373193711,46.2520666494143,1.32747387886047,139116.5,0.783278266924035,139256.5,74.3281663448647,0.622268366429802,0.138361096382141,1.48248171806335
68.6670376131725,37.9358076062214,0.708606958389282,148941.75,0.445588055551507,149341.5,154.104305586367,0.246169680719081,0.228251039981842,2.50188565254211
75.3438671828463,54.3102554752216,1.18159210681915,256673,0.743128083672952,256875,101.387457745447,0.535670354922778,0.149753227829933,1.96797144412994
62.6770539600972,52.6140928333931,1.14330303668976,149169.5,0.829467146281971,149300.5,75.563033759785,0.696294076827448,0.181905090808868,1.99489808082581
60.3375635499487,50.775592661622,1.0180561542511,149322.5,0.659896206466155,149458.5,91.4349304321983,0.555319422891285,0.197892904281616,2.170973777771
64.2153801487759,56.7619837401721,1.18397200107574,187195,0.775142371833516,187315,82.8433362465804,0.685172595792399,0.147940278053284,1.74998259544373
50.1724995212249,42.8501378749091,1.1003383398056,127136,0.488809926772792,127217,102.642145286354,0.417471183551012,0.180756330490112,1.87945628166199
50.1435316796913,36.5952501923128,1.26815140247345,93974,0.650154470968509,94086,77.125566182748,0.474489225863196,0.174485385417938,1.64037895202637
68.5296660185521,38.8785105168515,1.02543747425079,144454,0.678648760608095,144602,100.979578828298,0.385013593520319,0.205062031745911,2.22490262985229
51.9373075342182,44.6467082444786,1.18852496147156,121085,0.618963278200935,121150,83.910159719294,0.532077502817728,0.175446674227715,1.79483473300934
51.5922199950618,44.1804924509868,0.928394734859467,92407,0.618622069545042,92575,83.398608835609,0.529750952297934,0.244883552193642,2.28934097290039
42.5965485243306,32.328459467717,1.07852017879486,38112,0.869158539954826,38314,49.0089512628439,0.659643975940918,0.37299707531929,2.59562468528748
39.1225988428896,24.658035464993,0.913447976112366,24327,0.742006559086221,24434,52.7254083724933,0.467668932799712,0.354097634553909,2.12162399291992
65.8458147854697,45.5044078217428,1.19442749023438,127591,0.967048355532382,127812,68.0894749562136,0.66830310926917,0.182547956705093,1.90034687519073
44.3109308871635,37.5132172206647,1.2534590959549,53674,0.900639271522012,53787,49.1994212203088,0.762472734235739,0.213099926710129,1.66221487522125
58.1719668812546,47.9753882394237,1.06328785419464,107194,0.843189083399763,107328,68.9904174834707,0.695392055728872,0.178838849067688,1.75671458244324
65.527100216491,43.9870830966745,1.28268623352051,154418,0.821463344044303,154508,79.7687452417317,0.551432556239612,0.134708926081657,1.49443900585175
57.5351662973212,52.1449926150592,1.13217008113861,125104,0.817934347656942,125370,70.3420347392632,0.741306287319453,0.260173171758652,2.69072151184082
59.4480824452987,45.7767065836156,1.0006810426712,143567,0.590418511045141,143757.75,100.688039747522,0.454638969565548,0.201160296797752,2.17809271812439
61.8199656250207,53.6865774424855,1.23166227340698,222848,0.593751547794679,222999,104.117565427212,0.515634198919275,0.161738947033882,2.02768301963806
47.6147234430311,44.1532173884425,1.09396255016327,80562,0.711730759099107,80769,66.8999095996648,0.659989193597709,0.247946366667747,2.21437096595764
64.2575703782799,50.9404401355991,1.20022118091583,163091,0.81047796436893,163378,79.283550205234,0.642509574858016,0.203327149152756,2.29714226722717
41.5626384668415,35.5138270171621,1.31024432182312,55694,0.755694358442417,55781,54.9992705417405,0.645714509798993,0.175303429365158,1.3843389749527
46.9501661331606,43.9880076951124,1.24618625640869,99718,0.634478027418238,99859,73.9980962370061,0.594447829498542,0.155099585652351,1.48725128173828
61.4672477720606,50.4293003514388,1.22642683982849,146149,0.837172394930632,146494,73.4224493596135,0.686837619710053,0.192371636629105,2.09534478187561
36.8920689235448,27.3467926924893,0.876997232437134,37746,0.452791569454772,37828,81.4769342281888,0.335638459541204,0.27425542473793,1.9023689031601
55.215334000039,44.2809789316243,1.19953310489655,134062,0.632472703221923,134271,87.3007383856454,0.507223418157312,0.201227441430092,2.129634141922
53.9417204178392,41.3418073199556,1.21161115169525,95307,0.800711604943021,95391,67.3672269576732,0.613678329760117,0.171577766537666,1.62063479423523
70.4281857513088,52.0695670667608,1.08524656295776,186358,0.787509815425821,186689,89.4315021498837,0.582228474475295,0.188955262303352,2.23181176185608
58.4290278379927,42.677370762655,1.27648770809174,105771,0.920669203131557,105852,63.4636497443953,0.672469530739902,0.154038667678833,1.50637984275818
27.6144714411381,22.6313016974223,1.1286164522171,12875,0.792101404230637,12952,34.8622932539299,0.649162736730498,0.412099719047546,1.99725687503815
53.0765153466024,41.1257915898022,1.28295505046844,92544,0.840970682973833,92660.75,63.1133955386517,0.651617477458979,0.161310583353043,1.50878775119781
48.3252859686631,33.4595167298946,1.29036998748779,66682,0.791722158295162,66802,61.0381880339478,0.548173492818713,0.172887593507767,1.44971477985382
74.235210459541,43.080676288834,0.947287619113922,162273,0.725665745643947,162623,102.299455231507,0.421123222908091,0.255784898996353,2.88495850563049
55.9619759669926,32.2864128658631,0.992665827274323,66683,0.788120190604935,66816,71.0069055889027,0.45469398501586,0.297872602939606,2.49776434898376
43.4359826447305,35.4252659123123,1.17640447616577,42082,0.978298354065887,42233,44.3995254251497,0.797874877559974,0.242717742919922,1.74575316905975
66.3614478594636,50.0749287361855,1.08318173885345,186147,0.671886600037758,186261,98.7688217859001,0.506991253218878,0.155352011322975,1.83422005176544
61.1899362278031,47.738944145255,1.0249320268631,122614.75,0.782318788650775,122928.75,78.216114857809,0.610346655954959,0.259487509727478,2.66571187973022
62.7127155974846,35.0381354656563,0.595538735389709,88372,0.486234913940405,88649,128.976167279446,0.271663643018179,0.256075650453568,2.35860776901245
62.6041130729299,40.6598694444014,1.00837087631226,129639,0.649015321217467,129841,96.4601466657102,0.42151987996982,0.209166124463081,2.18903374671936
48.0219499157329,45.7223004887028,1.25785100460052,91455,0.759325597419643,91560,63.2428961685503,0.722963419746735,0.157998338341713,1.47198784351349
56.5217765569653,38.0074665858837,0.600784301757812,67204,0.568358830232721,67704,99.4473447941714,0.382186841333458,0.51550304889679,4.33389949798584
46.8957307495413,40.6633078990862,1.28064513206482,97024,0.618041410208039,97135,75.8779751242813,0.535903967290685,0.167116984724998,1.58792328834534
43.4864675746809,36.8412785846785,1.01443433761597,45157,0.819483897480089,45281,53.0656767123817,0.694258150788501,0.332128047943115,2.44566202163696
57.2955398755916,52.2336262013157,1.10375618934631,150450,0.65867532716202,150805,86.9860119437844,0.600483055080996,0.214787900447845,2.3622350692749
57.5310057547897,39.8755378776247,1.24936902523041,110049,0.784537570358627,110151,73.3311034785641,0.543773869287007,0.17618690431118,1.74589538574219
59.0856010904299,49.0907529968505,1.32100784778595,130205,0.910414920019353,130288,64.8996405827509,0.756410244433586,0.136169791221619,1.42715954780579
50.9349077524315,40.2726137580932,1.32203984260559,99431,0.727381452855795,99624,70.0250295803589,0.575117411580347,0.158963397145271,1.52283775806427
40.4191983639976,35.4840070411696,1.19324564933777,50650,0.715084042631825,50735,56.5237034450344,0.627772153600577,0.250161975622177,1.91394889354706
63.6105471087738,48.6796116061607,1.15808773040771,168047,0.71074639272605,168187,89.4982341940522,0.543917006235144,0.185614094138145,2.11805438995361
57.0630151214593,46.2297367314053,1.30403554439545,131494,0.781651121197106,131589,73.0031769596476,0.633256505493709,0.135815769433975,1.42813098430634
54.9270991677163,43.4204836466424,1.22417771816254,107081,0.784149105484224,107194,70.0467535875055,0.619878601402985,0.161050289869308,1.58142352104187
48.9366430933526,41.8764095481356,1.2953028678894,81771,0.831779918711334,81847,58.8336433622604,0.711776581475451,0.16060683131218,1.44149458408356
41.6899134388152,33.6734163222632,1.24212670326233,44705,0.851446961064328,44798,48.9636058912018,0.687723375543179,0.206850960850716,1.51807117462158
66.4286935180384,51.6251585811889,1.22333705425262,175203,0.832867714586132,175302,79.7589969627387,0.647264390816083,0.176389053463936,2.04096078872681
57.36844572597,37.8380553955588,1.22132337093353,97141,0.819788239038953,97212,69.979591062716,0.540701293347774,0.186197802424431,1.76993763446808
54.8599550141831,40.3077599420734,0.783620059490204,89131,0.558437970554498,89516,98.2382250256196,0.410306272650605,0.307850539684296,2.84357953071594
28.2064028028949,25.4217578159711,1.17773640155792,18997,0.656542234951895,19075,42.9620537739839,0.591725850670702,0.35551780462265,1.96157789230347
35.5929649666732,34.2424787925868,1.0448362827301,31018.75,0.765096325169003,31108.75,46.5208939202607,0.736066655404045,0.30154150724411,1.95916521549225
33.8302003949892,26.6513671776483,0.88618391752243,23326,0.606751469512028,23456,55.7562726995893,0.477997647390168,0.420263916254044,2.48304581642151
49.2658652980338,37.2946306591016,0.894439876079559,58994,0.718588857737349,59206,68.5591834156173,0.543977171271357,0.281582593917847,2.26668381690979
74.5328419072648,51.3799436223122,1.10397553443909,166010,0.993831566042792,166140,74.9954463652602,0.685107511355685,0.202265560626984,2.29870128631592
40.8500654383862,35.7395410797473,1.19237101078033,64239,0.579623199460254,64347,70.4769330772575,0.507109766546868,0.218922480940819,1.81303358078003
59.8232617205083,58.0973255582418,1.2331405878067,175469,0.765080528669961,175646,78.1921111291472,0.74300750701416,0.156477853655815,1.81148850917816
54.248064454271,40.7740371006196,0.98033207654953,79924,0.770631638709193,80218,70.3942866206952,0.579223670811836,0.314163595438004,2.79832053184509
64.082949654188,61.6349654357063,1.12722301483154,184557,0.809450127312446,184720,79.168496602697,0.778528936137542,0.173389181494713,2.04133701324463
40.7782230997148,35.9209411623848,1.07043766975403,57030.75,0.58702315440103,57167.75,69.4661237723642,0.517100123426511,0.235917419195175,1.8777836561203
52.668739025045,44.3440393204895,1.20901262760162,110110,0.707202513298574,110206.75,74.4747624104162,0.595423709958318,0.171521693468094,1.69998025894165
52.3354690841973,30.0155129011358,1.21826207637787,66576.5,0.787691861775955,66671.5,66.4415511217384,0.451758160334975,0.204698920249939,1.7155567407608
45.0936504454413,38.502912993986,1.10065996646881,60185,0.749700643353474,60356,60.1488752146905,0.640126899406794,0.20872488617897,1.69142556190491
31.4605116878047,28.1271898888875,1.2368870973587,21932,0.822069178938678,21984,38.2699078055953,0.734968843713156,0.256833523511887,1.48659837245941
54.9565091509692,43.7514225208392,1.25261247158051,111198,0.779379265812004,111312,70.5131783223823,0.620471570871619,0.165658801794052,1.64726209640503
48.1018854183941,35.2874997541498,1.14963459968567,77024,0.638083411450729,77278,75.3849489818753,0.468097415077298,0.241223439574242,2.12231945991516
54.9899828096337,43.1981622234506,1.08592247962952,117616.75,0.631481607591776,117929.25,87.0808943024012,0.496069347105629,0.242981404066086,2.46175765991211
61.5356090663004,52.7248377690505,1.14817631244659,161414,0.743591269091642,161557,82.7546148322467,0.637122629063405,0.150194972753525,1.69103133678436
34.1603968538978,30.4887713249364,1.22505712509155,30396,0.750800033111354,30490,45.4986618904842,0.670102593309737,0.267253547906876,1.72469186782837
59.6463863258992,52.7104335214258,1.19086480140686,159516,0.733029873574639,159632,81.3696528287886,0.647789829364699,0.157632619142532,1.76778757572174
60.7359285505782,44.0860955980253,1.20979464054108,147841,0.696800392901577,148030,87.1640274163237,0.505783141334851,0.169913336634636,1.85784006118774
65.8146451302673,55.844444961117,1.19786167144775,205983,0.736544458017877,206134,89.3559708634314,0.624966014262973,0.156825453042984,1.91517984867096
43.618996534494,36.8381732899349,1.2734626531601,69521,0.672230554532702,69628,64.8869591546839,0.567728458381236,0.181097596883774,1.53981029987335
58.6805807319131,27.0874419233879,0.688397765159607,52456,0.640914242570633,52849.5,91.557893786888,0.295851306961888,0.43341538310051,3.35494542121887
41.6686113953573,37.0043662202999,1.16365194320679,73724,0.530986944888236,73827,78.4738905475875,0.471550039918818,0.237232714891434,2.05696415901184
45.9339291622067,40.4409140540124,1.279820561409,74882,0.763586819808258,74986,60.1554767193873,0.672273187072572,0.16805699467659,1.46475481987
52.2630044222005,37.08518413154,1.23056507110596,90646,0.720018657122094,90740,72.585625254622,0.510916369480175,0.188297063112259,1.7490770816803
55.8195414154167,44.0427708773449,1.29925990104675,132094,0.706738435645058,132171,78.9818957058262,0.557631220215142,0.147584810853004,1.55424177646637
49.5904393447573,37.2990961202876,1.14263510704041,91585,0.599205843329255,91751,82.7602732797584,0.450688411748034,0.214219734072685,1.99671828746796
28.3324169078884,19.3212220995172,1.17340755462646,16698,0.570669783753534,16748,49.6476556398943,0.389166856933958,0.311064869165421,1.64407503604889
62.7805367667878,54.9463737453928,1.28382670879364,157602,0.923703068047989,157749,67.9661451157226,0.808437401471546,0.126319602131844,1.41093575954437
65.6620172027015,56.514809443897,1.25890147686005,200341,0.801698837075604,200621,81.9035954227151,0.690016221537243,0.14889357984066,1.80155885219574
71.9282427065216,44.103377767154,1.17529761791229,169944,0.826249811471424,169918,87.0538688274293,0.506621685643657,0.198401898145676,2.27246356010437
62.7559239137108,48.4437246950533,1.22450220584869,162176,0.754255655936228,162397,83.2024571772211,0.58223911094198,0.162816360592842,1.83601450920105
62.296420363371,51.9130199452104,1.29597747325897,175797,0.777655191941706,176056,80.1080234645187,0.648037708335216,0.14830818772316,1.71798026561737
46.4227054639103,44.0289527301283,0.973452866077423,74862,0.646028030486318,75085,71.8586551561302,0.612716069267715,0.268555462360382,2.34047317504883
59.8098265670253,49.4946865682297,1.2856742143631,168651,0.706715010906532,168746,84.6307572981997,0.584830954470055,0.140412628650665,1.60417473316193
70.2824814823679,49.7129716645074,1.22391736507416,227020,0.693187108584688,227126,101.390347010156,0.490312669109693,0.149991109967232,1.89206516742706
43.7060325291618,33.8790897711104,1.2022031545639,54887,0.742200911404318,54958,58.8870639440009,0.575323127050925,0.24306233227253,1.9101026058197
70.4870252210786,43.4803786740157,0.941044390201569,153820,0.692002433158255,154118,101.859504885525,0.426866189099202,0.242237225174904,2.68386721611023
67.0897795908988,44.6476603571905,1.10726058483124,149474,0.779460707623831,149604,86.07204819268,0.518724269895875,0.184034749865532,2.0196259021759
62.9510236834523,46.6990621694994,1.21865129470825,156567,0.754208807680209,156762,83.4663067341745,0.55949596905285,0.191305384039879,2.1321108341217
51.240788610655,36.4691257436175,1.27209401130676,70681.75,0.902334382391578,70777.5,56.7869182009318,0.642209984122062,0.18460339307785,1.5783064365387
59.8667564858198,54.0145744538344,1.12056791782379,137847,0.823989942923568,138051,72.654717451294,0.74344208261555,0.188724517822266,2.01593565940857
52.8126604544918,39.3011138881064,1.33116114139557,87046,0.877730879952503,87193,60.1695367688894,0.653172950941298,0.166088655591011,1.52208459377289
40.5367954240711,34.1066588523848,1.22178304195404,58617,0.611655854682535,58817,66.2738615411614,0.514632134890794,0.237678095698357,1.90917718410492
51.926654343368,40.927102657254,1.08310508728027,73674.75,0.849458582036428,73790.75,61.1291185252216,0.669518940312648,0.276092380285263,2.39337015151978
49.2636793901901,38.5442688898335,1.3406195640564,82847,0.792575970731305,82921,62.1564130246528,0.620117330041967,0.150044664740562,1.35257709026337
64.6965028209873,59.802116313117,1.28922522068024,204030,0.828154817337147,204242,78.1212660562825,0.765503675657696,0.126003623008728,1.53389954566956
42.305006945833,33.6586953047786,1.21043789386749,43777,0.872119439017235,43881,48.5082719787845,0.693875372833308,0.216598361730576,1.57853066921234
61.9569801356782,47.3280416657929,1.25665545463562,156484,0.763913066524547,156606,81.1047524262858,0.583542150736583,0.157375931739807,1.75365495681763
58.1575754444492,48.8501620403031,1.25503957271576,163476,0.664172116865245,163612,87.5640123511071,0.557879438466429,0.14942479133606,1.68949353694916
60.8436122657866,49.1911510347557,1.31634330749512,172491,0.727642920912523,172673,83.6174042475172,0.58828842484926,0.151480123400688,1.74365401268005
45.2921565515709,44.1228581880773,1.27139532566071,81921,0.735518525735261,82023,61.5785394477924,0.716529794044329,0.173723146319389,1.56017017364502
57.9518624854834,50.0340915458062,1.25072062015533,122621,0.897418251400546,122734,64.5762022279372,0.774806969434326,0.15918205678463,1.63530313968658
56.5980443986071,45.8154622284107,1.31045365333557,119248,0.844469759649463,119314,67.021990724808,0.683588501817691,0.149120360612869,1.51776027679443
39.2464728281901,35.5184901355364,1.25491917133331,49841,0.721245981769062,49924,54.414823541792,0.652735556667885,0.195990458130836,1.49146497249603
67.6898735779779,65.2164043728997,1.28545141220093,247847.5,0.811476004776738,248047,83.416192906903,0.781824209663284,0.118691667914391,1.54169285297394
41.8585072571835,33.1087795208292,1.16819202899933,63986,0.55454724630119,64107,75.4823101843498,0.438629652960646,0.205827116966248,1.70234191417694
35.034845970264,25.7649755646259,1.22966420650482,30379,0.670257710744026,30441,52.2707093236917,0.492914213294365,0.247798413038254,1.59884202480316
35.6734372207618,29.2685108181229,1.3048837184906,25577,0.994973185328782,25624,35.8536669598526,0.816332422870345,0.206904277205467,1.26057457923889
44.6052527999545,35.2535820620797,1.34250295162201,61656,0.79967549100402,61746,55.7791920619589,0.632020306477734,0.16967985033989,1.38613200187683
43.207662408373,36.9199354260214,1.32798445224762,53181,0.901192454124956,53271.75,47.9449891180268,0.770047842430645,0.182885527610779,1.42215657234192
44.9060448023246,40.6559753117418,1.2230269908905,79490.5,0.660470465441058,79610.5,67.9909975309753,0.597961192300641,0.192569464445114,1.71214962005615
27.9363095049874,22.7971971057514,1.3227527141571,18833,0.654300524167369,18889.75,42.6964499202535,0.533936596462455,0.250657975673676,1.37902009487152
37.9532617305753,31.413730353993,1.32802128791809,35349,0.890111698834794,35429.75,42.6388022998617,0.736741137279612,0.216349273920059,1.4682400226593
68.6901174278108,41.6455191652453,1.06800258159637,148220,0.741345923787054,148380,92.6559588766842,0.449464013649369,0.199326857924461,2.18130946159363
42.4647215696414,30.0272566203439,1.28527867794037,51060,0.713653411912975,51173,59.503283892125,0.504631923757032,0.196543499827385,1.50776898860931
59.5248872286656,52.3981096506594,1.27670180797577,195235.25,0.635686004172696,195432,93.6388198546035,0.559576783754772,0.13728129863739,1.64682197570801
70.153576608023,50.6095170200013,0.976223349571228,230514,0.552309266016985,230882,127.018648653027,0.398441626931881,0.193419992923737,2.45235323905945
68.5415717837302,59.1093168591429,1.20554637908936,190116,0.921993670989241,190251,74.3406098549347,0.795114769363427,0.155799388885498,1.85248422622681
33.427582400431,24.198316233491,1.11043274402618,34614,0.45418647229095,34700,73.5988067452115,0.328786801085812,0.322706043720245,2.17473793029785
42.6008358815149,41.6488449857507,1.19811725616455,56306,0.842136424080232,56512,50.5866207224594,0.823317398769424,0.232909739017487,1.84595775604248
46.2350593213654,21.6955912917002,0.993524670600891,29728.25,0.811549591586492,29947.25,56.9748080235816,0.380846256399701,0.383829414844513,2.45883798599243
57.0690525882523,47.6444360102423,1.18760013580322,107687.5,0.89601870743877,107861,63.6918094081954,0.748046516641019,0.21476274728775,2.1128237247467
65.002748141462,51.9049436774289,1.30857992172241,162591,0.924218243184164,162703,70.3326823732793,0.737991811572774,0.124528579413891,1.40545547008514
38.7733694466182,36.1100544727492,1.26887047290802,39180,0.920548616491527,39237,42.1198497852232,0.857316791414997,0.209938511252403,1.47444796562195
54.5963666191554,44.6375903477144,1.21700739860535,142871,0.59343883254855,143067,91.9999899310411,0.485191252533535,0.184210002422333,1.99133253097534
50.8503781875526,45.5131603565174,1.2590389251709,85038.75,0.912318079285441,85120.75,55.7375539806279,0.816561853013984,0.17242394387722,1.56790256500244
42.5457933552649,33.2493324339682,1.22173929214478,46323,0.831144778617963,46436,51.1893889606218,0.649535638324296,0.217882201075554,1.61809194087982
63.0266785994329,59.0217675671094,1.28630411624908,195966,0.805791352767067,196181,78.21711958437,0.754588865976389,0.146126061677933,1.75510776042938
53.1382290957582,48.1528806721153,1.29826736450195,113132,0.816984339758981,113289,65.0419188101384,0.740336102516851,0.143967643380165,1.43982338905334
33.7372082615573,25.138933395722,1.24465835094452,23710,0.786470336381808,23844,42.8969875923952,0.586030274074039,0.281126201152802,1.67004334926605
38.379816257677,33.6875723565689,1.30084908008575,48941,0.690602576471301,49010,55.5743890412084,0.606170808852071,0.177498295903206,1.34256196022034
44.1522749348337,39.0741634577427,1.23623847961426,77160,0.639005379483122,77001,69.0953102312653,0.565511079217382,0.21184940636158,1.86497855186462
69.5100517819185,55.4551573006362,1.21213269233704,191350,0.888704720604771,191547,78.215013570105,0.709009111798352,0.172053948044777,2.05017066001892
68.0701240545664,61.0979416231792,1.16145777702332,219855,0.783078639712231,220284,86.9262939921093,0.702870659926275,0.188209310173988,2.34892463684082
69.7344731712733,56.3224165787186,1.24877882003784,218133,0.820992315173044,218263,84.939252027682,0.663090564540913,0.133214637637138,1.65821802616119
44.8297654069073,37.8671081950077,1.22520732879639,76813,0.635577586409702,77020,70.5338991894681,0.536863956624447,0.199595987796783,1.754469871521
69.6897784225987,65.4850727715927,1.16399478912354,297993,0.650465242242622,298075,107.138358665142,0.611219675077012,0.182261228561401,2.51736116409302
46.086751908404,42.9872449734513,1.12761926651001,82688,0.65194422933576,82814,70.6912490894505,0.608098534502574,0.222640961408615,2.00571155548096
33.4399085644959,28.0847244497434,1.26451253890991,25219,0.824506754738974,25293,40.5574707208826,0.692467354362975,0.238909050822258,1.44874215126038
56.3755607830031,51.0473838950358,1.27961754798889,161959,0.671164474544757,162105,83.9966400504764,0.607731260016588,0.134990349411964,1.52155256271362
56.2428789944439,40.8635590513963,0.941628396511078,74471,0.855780262331226,74866,65.721168704257,0.621771643095406,0.3544861972332,3.08397555351257
38.1857451376702,30.5023646845285,1.04177927970886,45582,0.532251661184723,45682,71.7437795299068,0.425156950318857,0.304322779178619,2.24792313575745
57.0993411705086,44.6866610679603,1.33791995048523,110905.75,0.920268994629857,111016.75,62.0463598197051,0.72021406571708,0.141935169696808,1.41012358665466
50.1126350076114,40.7133954988337,1.14672362804413,95222,0.644691423364795,95448,77.7311954573935,0.523771637395887,0.228848516941071,2.16094207763672
62.7392451936472,49.6697557710562,1.07832479476929,172910,0.638408573781586,173216,98.2744401786681,0.505418862531844,0.241839691996574,2.7860152721405
55.5804760738448,44.1515462683887,1.2937216758728,115496,0.799950251162717,115614,69.4799157829376,0.635457683614021,0.159747704863548,1.60869157314301
36.2302513294031,26.6216571788013,0.943985641002655,35721,0.483524163167341,35851,74.9295569678993,0.35528913096612,0.390279054641724,2.65786123275757
34.8369108949871,31.2900892317845,1.2168915271759,31094,0.778143983825615,31169,44.7692352150758,0.698919450993796,0.266640245914459,1.73380565643311
54.4460007080233,45.8172577033763,1.08460259437561,125202,0.616054388152518,125421,88.3785616255428,0.518420495430811,0.233391791582108,2.41437768936157
60.5401650237342,54.891850217581,1.13153159618378,180291,0.66112915932824,180724,91.5708589910751,0.59944671069353,0.195597976446152,2.28492307662964
60.7302300839235,46.7674208587115,1.13688981533051,147298,0.69706525799553,147787,87.1227326097966,0.536799288288769,0.193179279565811,2.10964179039001
65.239357757783,54.1423354018204,1.27513337135315,202228.5,0.760796043952006,202425.5,85.7514419821895,0.631386880510422,0.152888476848602,1.85568726062775
60.6428799765986,48.596625417087,1.06701338291168,157025,0.635865733894999,157275,95.3705739183811,0.509555761493859,0.204790204763412,2.28462362289429
58.2938270231847,57.6196672628271,1.19987165927887,175221,0.702042102967493,175367,83.034659569248,0.693923086597041,0.150836527347565,1.74535775184631
33.0389828944513,27.0281197272023,1.14509046077728,30208,0.585579185456566,30323,56.4210335937595,0.479043328447492,0.291763305664062,1.87897300720215
62.4097148964399,54.632681817482,1.20618319511414,158377,0.84854854335998,158539,73.5487856113893,0.742808754262041,0.170066103339195,1.90267384052277
60.3558110277525,50.2922637605335,1.2901623249054,170931,0.724038271866527,171033,83.3599733231765,0.603314297685251,0.126198142766953,1.44824635982513
39.2599734957938,31.7346034160511,0.789213299751282,27143,0.744677524146572,27311,52.720771371188,0.601937388067013,0.382659047842026,2.37801074981689
35.5145227120298,32.3585167616131,1.34651899337769,34181,0.841834893704108,34226,42.1870404489466,0.767025048860025,0.175524279475212,1.1779168844223
79.1082342838022,55.4100445953188,1.07449507713318,231684,0.842051956653198,231951,93.9469751940535,0.589801262689573,0.213241636753082,2.70823645591736
31.7889820619555,27.8433024325969,1.20197772979736,20688.5,0.855933471219734,20724.5,37.1395477910347,0.749694169144144,0.275744259357452,1.56530404090881
64.2301215552732,60.6801665865232,1.31576704978943,212015,0.81345827025349,212186,78.9593319092543,0.768498987000817,0.125918731093407,1.55260765552521
49.5931018969304,45.7753038701951,1.30044746398926,116761,0.656549402870174,116994,75.5359789836514,0.606006627386169,0.171266749501228,1.73096466064453
46.6245178821592,34.7661610067532,0.8020059466362,37138,0.854561120722785,37466,54.5596058041165,0.637214299743532,0.404301822185516,2.78929471969604
47.9483263548996,33.8083455700062,1.31033945083618,65226,0.817584244358282,65338,58.6463434022435,0.576478320875379,0.176731109619141,1.47107827663422
48.657417543007,44.8435713257624,1.30360662937164,87401,0.829138498873075,87527,58.6843061914744,0.764149297078633,0.157427355647087,1.44466853141785
67.0244694285139,54.7586712300123,1.26990830898285,231938,0.705210467895535,232098,95.0417960024418,0.576153582247177,0.161956429481506,2.05764937400818
49.0002812039532,38.4062579029561,1.12967169284821,68193,0.79985306829387,68293,61.2616030947702,0.626922182293247,0.226681590080261,1.91504395008087
29.1046050735352,25.3090295017302,1.27788639068604,16995,0.844050843696138,17082,34.4820519888172,0.733976896442766,0.311168730258942,1.65431761741638
59.8595629894902,45.5346063170047,1.24377977848053,125191.25,0.84874959172402,125276,70.5276548710005,0.645635565828993,0.144621953368187,1.49603390693665
61.6810200429095,55.1896869460093,1.31057024002075,183731.75,0.7842160602831,183831,78.6531006526473,0.701684878055096,0.115652360022068,1.35956025123596
83.2724518611451,73.1043843620512,1.17733061313629,361729,0.863892796700246,361783,96.3921127473402,0.758406287386501,0.132147490978241,1.94701480865479
47.6454004544974,29.3934955984923,1.10071492195129,62788,0.612477352271523,62935,77.7912853067835,0.377850751309404,0.263199269771576,2.1631805896759
43.2800199980016,36.8248533336657,1.3161506652832,53542,0.887821303106066,53624.75,48.748571193445,0.755403747027424,0.181831553578377,1.41715264320374
38.4465032324526,31.1746060001112,1.155353307724,49741,0.560419926398177,49858,68.6030268044689,0.454420270536525,0.213458523154259,1.62330782413483
46.5025652435549,31.8935220192972,1.2955619096756,56266.5,0.831497742057155,56325.25,55.9262676911909,0.570278047823057,0.16508150100708,1.30806720256805
64.0308956726122,55.5956225832514,1.26462817192078,188557.5,0.800455903071609,188675.5,79.9930333929057,0.695005807101987,0.116114169359207,1.37683653831482
59.3794666420193,45.4849701443359,1.28012835979462,151397,0.710027839505778,151508,83.6297724373047,0.543884896714682,0.141849488019943,1.56332540512085
59.2357884875978,49.1503891980477,1.23636281490326,136208,0.819666621623214,136334,72.2681477138731,0.680111373445544,0.171563401818275,1.82533001899719
53.0124656762368,39.4190417067108,1.2480571269989,104942,0.689835954105962,105016,76.8479308170328,0.512948641396261,0.15396523475647,1.50171780586243
61.9467943531474,42.6077277453065,1.1790109872818,111891,0.902084830285731,111967,68.6706973373292,0.620464468796722,0.185824126005173,1.85161077976227
60.0507043154665,46.2933252369421,1.17199420928955,138368,0.740360091256876,138460,81.1101314409332,0.570746519756959,0.177297666668892,1.89625811576843
66.6297148246481,57.3148449893067,1.06074368953705,147241,0.959805766839833,147383,69.4199984274181,0.825624406333458,0.202226385474205,2.20815706253052
53.1533106989478,38.7166325297106,1.16893243789673,77642,0.862282408047719,77740,61.6425781192631,0.628082629101001,0.181999936699867,1.60553336143494
25.2116880310556,22.0673562370857,1.20546901226044,12417,0.713004263847668,12470,35.3597998068101,0.624080349935567,0.294067800045013,1.40810680389404
61.0846184547906,48.8741063118961,0.910159409046173,149999,0.579389047487143,150203,105.42936342984,0.463572051674394,0.188226342201233,2.06804060935974
56.986230584849,46.5509072994545,1.25723886489868,157479,0.631919515032342,157400,90.1795707036084,0.516202360870097,0.181376099586487,2.02536582946777
50.0022960021877,36.6065771457488,1.1185861825943,79016,0.67840969269017,79080,73.7051615579197,0.496662328281884,0.240298449993134,2.13225197792053
64.0055805662861,45.537087640976,0.642230808734894,95566,0.656428296810726,95788,97.5058218502444,0.467019166413619,0.29212874174118,2.76179432868958
46.6909849572347,39.609353994548,1.27417409420013,78489,0.733976991508689,78584,63.6136902074565,0.622654555416834,0.165966123342514,1.46939396858215
52.0790464526437,41.8510700075605,1.19410169124603,111540,0.636270656608862,111614,81.8504608246591,0.511311354705922,0.183394655585289,1.82548987865448
54.2554647697663,38.6468954094302,1.30923318862915,85042,0.91703043002424,85112,59.1643014161833,0.653213077554552,0.148416742682457,1.34961521625519
60.9595694860993,45.5444841960484,1.28086185455322,173689,0.65350386897423,173793,93.2811148949803,0.488249783971003,0.130554020404816,1.50624942779541
55.0901946702149,42.8469890694274,1.18963420391083,107588,0.752865061031412,107675,73.1740620221403,0.58554886643389,0.179339691996574,1.76379013061523
52.5781114053391,40.7952034445802,1.02893435955048,98877,0.614483285433674,98996,85.5647544070004,0.476775790771657,0.22934353351593,2.1929771900177
45.1563215931759,34.1223483894318,1.2388904094696,51819,0.871000678735092,51790,51.844186457758,0.658171160950403,0.199309155344963,1.53652441501617
39.5036108108952,31.4359702435286,1.08664798736572,46452.5,0.600867513551475,46530.25,65.7443043400113,0.478155037395656,0.23635321855545,1.75690031051636
67.939695063573,51.1779495545276,1.12605202198029,170152.75,0.818555527367433,170282.5,82.999496580307,0.616605541043733,0.173791110515594,1.99139058589935
59.0674489374776,45.031120102075,1.27781581878662,137941,0.762048672284897,138024,77.5113861958082,0.580961356933006,0.137490674853325,1.46899473667145
40.908632686535,32.670431686034,1.17685317993164,42570,0.791410996047265,42643,51.690755992594,0.632036252105015,0.24047364294529,1.73627257347107
41.8434705182736,34.4864438130972,1.18020570278168,59302,0.629202991204869,59365,66.5023388368625,0.51857490151882,0.236269593238831,1.90522742271423
54.7673181413141,40.0117937180134,1.02887654304504,107818,0.599655208348382,107935,91.3313473790357,0.438094858624606,0.238726630806923,2.34952735900879
54.4152405534484,40.3902673212645,1.14296746253967,84750,0.84452132617773,84844.75,64.4332343863511,0.626854568395568,0.189370334148407,1.72004985809326
52.1377420711388,40.7101965835199,1.29726767539978,98431,0.763666907826114,98512,68.2728838146938,0.596286465560989,0.148078784346581,1.41379356384277
51.7206143713763,42.4004494540655,1.19598853588104,78541,0.904330199030582,78549,57.1921787272165,0.741367970195689,0.182415425777435,1.61538577079773
62.1133200521537,46.5399783234448,1.23688960075378,158324.5,0.734475114300323,158376.5,84.5683111854533,0.550324083180713,0.149941518902779,1.67733764648438
57.7585845340167,40.4322039065431,1.23541295528412,120289.5,0.72534318840692,120389.5,79.6293196690473,0.507755234425618,0.158995300531387,1.6229659318924
48.2983708886559,39.1187625867268,0.971324026584625,97857,0.474264842011117,98011,101.83839620885,0.384125870428104,0.236766919493675,2.25614786148071
57.9188748263191,52.0271960685494,1.23868882656097,147765,0.766054956938775,147861,75.6066837003029,0.688129587521387,0.150994747877121,1.65070033073425
35.9173548370539,30.0273702414594,1.23255062103271,46130.75,0.541924375928751,46199.5,66.2774260398751,0.45305567279404,0.212818115949631,1.57829451560974
62.5118414056451,48.1497940801629,1.02858173847198,126479,0.801194592044399,126642,78.0232942488221,0.617120752766599,0.212429568171501,2.20497488975525
52.7020004333835,43.9400544848484,1.14307045936584,83423,0.875589651418468,83463,60.1902961598569,0.730018911489483,0.206590309739113,1.86661350727081
73.6607219182823,56.0521495831872,0.567284643650055,224664,0.40209658686621,224824,183.191612088032,0.305975526238551,0.168811455368996,2.12208271026611
